split_index,detector,fpr,tpr
1,logistic_regression,0.0,0.0
1,logistic_regression,0.0,0.14285714285714285
1,logistic_regression,0.0,0.7142857142857143
1,logistic_regression,0.7142857142857143,0.7142857142857143
1,logistic_regression,0.7142857142857143,0.8571428571428571
1,logistic_regression,0.8571428571428571,0.8571428571428571
1,logistic_regression,0.8571428571428571,1.0
1,logistic_regression,1.0,1.0
1,random_forest,0.0,0.0
1,random_forest,0.0,0.14285714285714285
1,random_forest,0.0,0.7142857142857143
1,random_forest,0.2857142857142857,0.7142857142857143
1,random_forest,0.42857142857142855,0.8571428571428571
1,random_forest,0.5714285714285714,0.8571428571428571
1,random_forest,0.5714285714285714,1.0
1,random_forest,1.0,1.0
2,logistic_regression,0.0,0.0
2,logistic_regression,0.0,0.14285714285714285
2,logistic_regression,0.0,0.5714285714285714
2,logistic_regression,0.2857142857142857,0.5714285714285714
2,logistic_regression,0.2857142857142857,0.7142857142857143
2,logistic_regression,0.5714285714285714,0.7142857142857143
2,logistic_regression,0.5714285714285714,0.8571428571428571
2,logistic_regression,0.8571428571428571,0.8571428571428571
2,logistic_regression,0.8571428571428571,1.0
2,logistic_regression,1.0,1.0
2,random_forest,0.0,0.0
2,random_forest,0.0,0.14285714285714285
2,random_forest,0.0,0.8571428571428571
2,random_forest,0.5714285714285714,0.8571428571428571
2,random_forest,0.7142857142857143,1.0
2,random_forest,1.0,1.0
3,logistic_regression,0.0,0.0
3,logistic_regression,0.0,0.14285714285714285
3,logistic_regression,0.14285714285714285,0.14285714285714285
3,logistic_regression,0.14285714285714285,0.5714285714285714
3,logistic_regression,0.2857142857142857,0.5714285714285714
3,logistic_regression,0.2857142857142857,0.7142857142857143
3,logistic_regression,0.42857142857142855,0.7142857142857143
3,logistic_regression,0.42857142857142855,0.8571428571428571
3,logistic_regression,0.5714285714285714,0.8571428571428571
3,logistic_regression,0.5714285714285714,1.0
3,logistic_regression,1.0,1.0
3,random_forest,0.0,0.0
3,random_forest,0.0,0.14285714285714285
3,random_forest,0.0,0.2857142857142857
3,random_forest,0.14285714285714285,0.2857142857142857
3,random_forest,0.14285714285714285,0.8571428571428571
3,random_forest,0.2857142857142857,0.8571428571428571
3,random_forest,0.2857142857142857,1.0
3,random_forest,1.0,1.0
4,logistic_regression,0.0,0.0
4,logistic_regression,0.0,0.14285714285714285
4,logistic_regression,0.0,0.2857142857142857
4,logistic_regression,0.14285714285714285,0.2857142857142857
4,logistic_regression,0.14285714285714285,0.5714285714285714
4,logistic_regression,0.5714285714285714,0.5714285714285714
4,logistic_regression,0.5714285714285714,0.8571428571428571
4,logistic_regression,0.8571428571428571,0.8571428571428571
4,logistic_regression,0.8571428571428571,1.0
4,logistic_regression,1.0,1.0
4,random_forest,0.0,0.0
4,random_forest,0.0,0.14285714285714285
4,random_forest,0.0,0.2857142857142857
4,random_forest,0.14285714285714285,0.2857142857142857
4,random_forest,0.14285714285714285,0.7142857142857143
4,random_forest,0.2857142857142857,0.7142857142857143
4,random_forest,0.2857142857142857,0.8571428571428571
4,random_forest,0.42857142857142855,0.8571428571428571
4,random_forest,0.5714285714285714,1.0
4,random_forest,1.0,1.0
5,logistic_regression,0.0,0.0
5,logistic_regression,0.0,0.14285714285714285
5,logistic_regression,0.14285714285714285,0.14285714285714285
5,logistic_regression,0.14285714285714285,0.7142857142857143
5,logistic_regression,0.2857142857142857,0.7142857142857143
5,logistic_regression,0.2857142857142857,0.8571428571428571
5,logistic_regression,0.42857142857142855,0.8571428571428571
5,logistic_regression,0.42857142857142855,1.0
5,logistic_regression,1.0,1.0
5,random_forest,0.0,0.0
5,random_forest,0.0,0.14285714285714285
5,random_forest,0.14285714285714285,0.14285714285714285
5,random_forest,0.14285714285714285,0.7142857142857143
5,random_forest,0.2857142857142857,0.7142857142857143
5,random_forest,0.2857142857142857,1.0
5,random_forest,1.0,1.0
6,logistic_regression,0.0,0.0
6,logistic_regression,0.0,0.14285714285714285
6,logistic_regression,0.14285714285714285,0.14285714285714285
6,logistic_regression,0.14285714285714285,0.8571428571428571
6,logistic_regression,0.8571428571428571,0.8571428571428571
6,logistic_regression,0.8571428571428571,1.0
6,logistic_regression,1.0,1.0
6,random_forest,0.0,0.0
6,random_forest,0.0,0.14285714285714285
6,random_forest,0.0,1.0
6,random_forest,1.0,1.0
7,logistic_regression,0.0,0.0
7,logistic_regression,0.0,0.14285714285714285
7,logistic_regression,0.14285714285714285,0.14285714285714285
7,logistic_regression,0.14285714285714285,0.2857142857142857
7,logistic_regression,0.2857142857142857,0.2857142857142857
7,logistic_regression,0.2857142857142857,0.7142857142857143
7,logistic_regression,0.42857142857142855,0.7142857142857143
7,logistic_regression,0.42857142857142855,0.8571428571428571
7,logistic_regression,0.5714285714285714,0.8571428571428571
7,logistic_regression,0.5714285714285714,1.0
7,logistic_regression,1.0,1.0
7,random_forest,0.0,0.0
7,random_forest,0.0,0.14285714285714285
7,random_forest,0.0,0.5714285714285714
7,random_forest,0.14285714285714285,0.7142857142857143
7,random_forest,0.2857142857142857,0.7142857142857143
7,random_forest,0.2857142857142857,0.8571428571428571
7,random_forest,0.5714285714285714,0.8571428571428571
7,random_forest,0.7142857142857143,1.0
7,random_forest,1.0,1.0
8,logistic_regression,0.0,0.0
8,logistic_regression,0.0,0.14285714285714285
8,logistic_regression,0.0,0.42857142857142855
8,logistic_regression,0.2857142857142857,0.42857142857142855
8,logistic_regression,0.2857142857142857,0.7142857142857143
8,logistic_regression,0.42857142857142855,0.7142857142857143
8,logistic_regression,0.42857142857142855,0.8571428571428571
8,logistic_regression,0.8571428571428571,0.8571428571428571
8,logistic_regression,0.8571428571428571,1.0
8,logistic_regression,1.0,1.0
8,random_forest,0.0,0.0
8,random_forest,0.0,0.14285714285714285
8,random_forest,0.0,0.8571428571428571
8,random_forest,0.5714285714285714,0.8571428571428571
8,random_forest,0.5714285714285714,1.0
8,random_forest,1.0,1.0
9,logistic_regression,0.0,0.0
9,logistic_regression,0.0,0.14285714285714285
9,logistic_regression,0.0,0.5714285714285714
9,logistic_regression,0.42857142857142855,0.5714285714285714
9,logistic_regression,0.42857142857142855,0.7142857142857143
9,logistic_regression,0.5714285714285714,0.7142857142857143
9,logistic_regression,0.5714285714285714,1.0
9,logistic_regression,1.0,1.0
9,random_forest,0.0,0.0
9,random_forest,0.0,0.14285714285714285
9,random_forest,0.14285714285714285,0.14285714285714285
9,random_forest,0.14285714285714285,0.7142857142857143
9,random_forest,0.2857142857142857,0.7142857142857143
9,random_forest,0.2857142857142857,0.8571428571428571
9,random_forest,0.5714285714285714,0.8571428571428571
9,random_forest,0.5714285714285714,1.0
9,random_forest,1.0,1.0
10,logistic_regression,0.0,0.0
10,logistic_regression,0.0,0.14285714285714285
10,logistic_regression,0.14285714285714285,0.14285714285714285
10,logistic_regression,0.14285714285714285,0.7142857142857143
10,logistic_regression,0.2857142857142857,0.7142857142857143
10,logistic_regression,0.2857142857142857,0.8571428571428571
10,logistic_regression,0.5714285714285714,0.8571428571428571
10,logistic_regression,0.5714285714285714,1.0
10,logistic_regression,1.0,1.0
10,random_forest,0.0,0.0
10,random_forest,0.0,0.14285714285714285
10,random_forest,0.0,1.0
10,random_forest,1.0,1.0
11,logistic_regression,0.0,0.0
11,logistic_regression,0.0,0.14285714285714285
11,logistic_regression,0.0,0.5714285714285714
11,logistic_regression,0.2857142857142857,0.5714285714285714
11,logistic_regression,0.2857142857142857,0.7142857142857143
11,logistic_regression,0.5714285714285714,0.7142857142857143
11,logistic_regression,0.5714285714285714,0.8571428571428571
11,logistic_regression,0.8571428571428571,0.8571428571428571
11,logistic_regression,0.8571428571428571,1.0
11,logistic_regression,1.0,1.0
11,random_forest,0.0,0.0
11,random_forest,0.0,0.14285714285714285
11,random_forest,0.0,0.7142857142857143
11,random_forest,0.5714285714285714,0.7142857142857143
11,random_forest,0.5714285714285714,1.0
11,random_forest,0.8571428571428571,1.0
11,random_forest,1.0,1.0
12,logistic_regression,0.0,0.0
12,logistic_regression,0.0,0.14285714285714285
12,logistic_regression,0.0,0.2857142857142857
12,logistic_regression,0.14285714285714285,0.2857142857142857
12,logistic_regression,0.14285714285714285,0.7142857142857143
12,logistic_regression,0.7142857142857143,0.7142857142857143
12,logistic_regression,0.7142857142857143,0.8571428571428571
12,logistic_regression,0.8571428571428571,0.8571428571428571
12,logistic_regression,0.8571428571428571,1.0
12,logistic_regression,1.0,1.0
12,random_forest,0.0,0.0
12,random_forest,0.0,0.14285714285714285
12,random_forest,0.0,0.8571428571428571
12,random_forest,0.5714285714285714,0.8571428571428571
12,random_forest,0.7142857142857143,1.0
12,random_forest,1.0,1.0
13,logistic_regression,0.0,0.0
13,logistic_regression,0.0,0.14285714285714285
13,logistic_regression,0.0,0.5714285714285714
13,logistic_regression,0.2857142857142857,0.5714285714285714
13,logistic_regression,0.2857142857142857,0.8571428571428571
13,logistic_regression,0.8571428571428571,0.8571428571428571
13,logistic_regression,0.8571428571428571,1.0
13,logistic_regression,1.0,1.0
13,random_forest,0.0,0.0
13,random_forest,0.0,0.14285714285714285
13,random_forest,0.0,0.5714285714285714
13,random_forest,0.0,0.8571428571428571
13,random_forest,0.0,1.0
13,random_forest,0.5714285714285714,1.0
13,random_forest,0.8571428571428571,1.0
13,random_forest,1.0,1.0
14,logistic_regression,0.0,0.0
14,logistic_regression,0.0,0.14285714285714285
14,logistic_regression,0.0,0.42857142857142855
14,logistic_regression,0.14285714285714285,0.42857142857142855
14,logistic_regression,0.14285714285714285,0.7142857142857143
14,logistic_regression,0.2857142857142857,0.7142857142857143
14,logistic_regression,0.2857142857142857,0.8571428571428571
14,logistic_regression,0.7142857142857143,0.8571428571428571
14,logistic_regression,0.7142857142857143,1.0
14,logistic_regression,1.0,1.0
14,random_forest,0.0,0.0
14,random_forest,0.0,0.14285714285714285
14,random_forest,0.0,0.8571428571428571
14,random_forest,0.14285714285714285,0.8571428571428571
14,random_forest,0.14285714285714285,1.0
14,random_forest,1.0,1.0
15,logistic_regression,0.0,0.0
15,logistic_regression,0.0,0.14285714285714285
15,logistic_regression,0.0,0.2857142857142857
15,logistic_regression,0.14285714285714285,0.2857142857142857
15,logistic_regression,0.14285714285714285,0.7142857142857143
15,logistic_regression,0.42857142857142855,0.7142857142857143
15,logistic_regression,0.42857142857142855,1.0
15,logistic_regression,1.0,1.0
15,random_forest,0.0,0.0
15,random_forest,0.0,0.14285714285714285
15,random_forest,0.0,0.2857142857142857
15,random_forest,0.0,0.5714285714285714
15,random_forest,0.0,0.8571428571428571
15,random_forest,0.14285714285714285,0.8571428571428571
15,random_forest,0.14285714285714285,1.0
15,random_forest,1.0,1.0
16,logistic_regression,0.0,0.0
16,logistic_regression,0.0,0.14285714285714285
16,logistic_regression,0.0,0.2857142857142857
16,logistic_regression,0.14285714285714285,0.2857142857142857
16,logistic_regression,0.14285714285714285,0.7142857142857143
16,logistic_regression,0.42857142857142855,0.7142857142857143
16,logistic_regression,0.42857142857142855,0.8571428571428571
16,logistic_regression,0.5714285714285714,0.8571428571428571
16,logistic_regression,0.5714285714285714,1.0
16,logistic_regression,1.0,1.0
16,random_forest,0.0,0.0
16,random_forest,0.0,0.14285714285714285
16,random_forest,0.0,0.2857142857142857
16,random_forest,0.0,0.5714285714285714
16,random_forest,0.0,0.8571428571428571
16,random_forest,0.14285714285714285,0.8571428571428571
16,random_forest,0.14285714285714285,1.0
16,random_forest,1.0,1.0
17,logistic_regression,0.0,0.0
17,logistic_regression,0.0,0.14285714285714285
17,logistic_regression,0.0,0.42857142857142855
17,logistic_regression,0.14285714285714285,0.42857142857142855
17,logistic_regression,0.14285714285714285,0.7142857142857143
17,logistic_regression,0.42857142857142855,0.7142857142857143
17,logistic_regression,0.42857142857142855,0.8571428571428571
17,logistic_regression,0.8571428571428571,0.8571428571428571
17,logistic_regression,0.8571428571428571,1.0
17,logistic_regression,1.0,1.0
17,random_forest,0.0,0.0
17,random_forest,0.0,0.14285714285714285
17,random_forest,0.0,0.7142857142857143
17,random_forest,0.14285714285714285,0.7142857142857143
17,random_forest,0.14285714285714285,0.8571428571428571
17,random_forest,0.2857142857142857,1.0
17,random_forest,1.0,1.0
18,logistic_regression,0.0,0.0
18,logistic_regression,0.0,0.14285714285714285
18,logistic_regression,0.0,0.2857142857142857
18,logistic_regression,0.2857142857142857,0.2857142857142857
18,logistic_regression,0.2857142857142857,0.7142857142857143
18,logistic_regression,0.42857142857142855,0.7142857142857143
18,logistic_regression,0.42857142857142855,1.0
18,logistic_regression,1.0,1.0
18,random_forest,0.0,0.0
18,random_forest,0.0,0.14285714285714285
18,random_forest,0.0,1.0
18,random_forest,1.0,1.0
19,logistic_regression,0.0,0.0
19,logistic_regression,0.0,0.14285714285714285
19,logistic_regression,0.0,0.42857142857142855
19,logistic_regression,0.14285714285714285,0.42857142857142855
19,logistic_regression,0.14285714285714285,0.5714285714285714
19,logistic_regression,0.42857142857142855,0.5714285714285714
19,logistic_regression,0.42857142857142855,0.7142857142857143
19,logistic_regression,0.5714285714285714,0.7142857142857143
19,logistic_regression,0.5714285714285714,0.8571428571428571
19,logistic_regression,0.8571428571428571,0.8571428571428571
19,logistic_regression,0.8571428571428571,1.0
19,logistic_regression,1.0,1.0
19,random_forest,0.0,0.0
19,random_forest,0.0,0.14285714285714285
19,random_forest,0.0,0.7142857142857143
19,random_forest,0.42857142857142855,0.7142857142857143
19,random_forest,0.42857142857142855,0.8571428571428571
19,random_forest,0.7142857142857143,0.8571428571428571
19,random_forest,0.8571428571428571,1.0
19,random_forest,1.0,1.0
20,logistic_regression,0.0,0.0
20,logistic_regression,0.0,0.14285714285714285
20,logistic_regression,0.0,0.42857142857142855
20,logistic_regression,0.14285714285714285,0.42857142857142855
20,logistic_regression,0.14285714285714285,0.8571428571428571
20,logistic_regression,0.8571428571428571,0.8571428571428571
20,logistic_regression,0.8571428571428571,1.0
20,logistic_regression,1.0,1.0
20,random_forest,0.0,0.0
20,random_forest,0.0,0.14285714285714285
20,random_forest,0.0,0.42857142857142855
20,random_forest,0.0,0.7142857142857143
20,random_forest,0.0,1.0
20,random_forest,1.0,1.0
21,logistic_regression,0.0,0.0
21,logistic_regression,0.0,0.14285714285714285
21,logistic_regression,0.0,0.5714285714285714
21,logistic_regression,0.2857142857142857,0.5714285714285714
21,logistic_regression,0.2857142857142857,0.7142857142857143
21,logistic_regression,0.5714285714285714,0.7142857142857143
21,logistic_regression,0.5714285714285714,0.8571428571428571
21,logistic_regression,0.8571428571428571,0.8571428571428571
21,logistic_regression,0.8571428571428571,1.0
21,logistic_regression,1.0,1.0
21,random_forest,0.0,0.0
21,random_forest,0.0,0.14285714285714285
21,random_forest,0.14285714285714285,0.14285714285714285
21,random_forest,0.14285714285714285,0.5714285714285714
21,random_forest,0.2857142857142857,0.5714285714285714
21,random_forest,0.2857142857142857,0.8571428571428571
21,random_forest,0.42857142857142855,0.8571428571428571
21,random_forest,0.7142857142857143,0.8571428571428571
21,random_forest,0.8571428571428571,1.0
21,random_forest,1.0,1.0
22,logistic_regression,0.0,0.0
22,logistic_regression,0.0,0.14285714285714285
22,logistic_regression,0.14285714285714285,0.14285714285714285
22,logistic_regression,0.14285714285714285,0.8571428571428571
22,logistic_regression,0.8571428571428571,0.8571428571428571
22,logistic_regression,0.8571428571428571,1.0
22,logistic_regression,1.0,1.0
22,random_forest,0.0,0.0
22,random_forest,0.0,0.14285714285714285
22,random_forest,0.0,0.42857142857142855
22,random_forest,0.14285714285714285,0.42857142857142855
22,random_forest,0.14285714285714285,0.7142857142857143
22,random_forest,0.2857142857142857,0.7142857142857143
22,random_forest,0.2857142857142857,0.8571428571428571
22,random_forest,0.42857142857142855,0.8571428571428571
22,random_forest,0.5714285714285714,1.0
22,random_forest,1.0,1.0
23,logistic_regression,0.0,0.0
23,logistic_regression,0.0,0.14285714285714285
23,logistic_regression,0.0,0.5714285714285714
23,logistic_regression,0.14285714285714285,0.5714285714285714
23,logistic_regression,0.14285714285714285,0.8571428571428571
23,logistic_regression,0.8571428571428571,0.8571428571428571
23,logistic_regression,0.8571428571428571,1.0
23,logistic_regression,1.0,1.0
23,random_forest,0.0,0.0
23,random_forest,0.0,0.14285714285714285
23,random_forest,0.0,0.2857142857142857
23,random_forest,0.0,0.5714285714285714
23,random_forest,0.0,0.7142857142857143
23,random_forest,0.14285714285714285,0.7142857142857143
23,random_forest,0.14285714285714285,1.0
23,random_forest,1.0,1.0
24,logistic_regression,0.0,0.0
24,logistic_regression,0.0,0.14285714285714285
24,logistic_regression,0.14285714285714285,0.14285714285714285
24,logistic_regression,0.14285714285714285,0.7142857142857143
24,logistic_regression,0.42857142857142855,0.7142857142857143
24,logistic_regression,0.42857142857142855,0.8571428571428571
24,logistic_regression,0.8571428571428571,0.8571428571428571
24,logistic_regression,0.8571428571428571,1.0
24,logistic_regression,1.0,1.0
24,random_forest,0.0,0.0
24,random_forest,0.0,0.14285714285714285
24,random_forest,0.0,0.42857142857142855
24,random_forest,0.14285714285714285,0.42857142857142855
24,random_forest,0.14285714285714285,0.5714285714285714
24,random_forest,0.2857142857142857,0.5714285714285714
24,random_forest,0.2857142857142857,0.7142857142857143
24,random_forest,0.42857142857142855,0.7142857142857143
24,random_forest,0.42857142857142855,0.8571428571428571
24,random_forest,0.5714285714285714,0.8571428571428571
24,random_forest,0.5714285714285714,1.0
24,random_forest,1.0,1.0
25,logistic_regression,0.0,0.0
25,logistic_regression,0.0,0.14285714285714285
25,logistic_regression,0.0,0.42857142857142855
25,logistic_regression,0.14285714285714285,0.42857142857142855
25,logistic_regression,0.14285714285714285,0.5714285714285714
25,logistic_regression,0.42857142857142855,0.5714285714285714
25,logistic_regression,0.42857142857142855,0.7142857142857143
25,logistic_regression,0.5714285714285714,0.7142857142857143
25,logistic_regression,0.5714285714285714,0.8571428571428571
25,logistic_regression,0.8571428571428571,0.8571428571428571
25,logistic_regression,0.8571428571428571,1.0
25,logistic_regression,1.0,1.0
25,random_forest,0.0,0.0
25,random_forest,0.0,0.14285714285714285
25,random_forest,0.14285714285714285,0.14285714285714285
25,random_forest,0.14285714285714285,0.5714285714285714
25,random_forest,0.14285714285714285,0.8571428571428571
25,random_forest,0.42857142857142855,0.8571428571428571
25,random_forest,0.5714285714285714,1.0
25,random_forest,1.0,1.0
26,logistic_regression,0.0,0.0
26,logistic_regression,0.0,0.14285714285714285
26,logistic_regression,0.0,0.5714285714285714
26,logistic_regression,0.42857142857142855,0.5714285714285714
26,logistic_regression,0.42857142857142855,0.8571428571428571
26,logistic_regression,0.8571428571428571,0.8571428571428571
26,logistic_regression,0.8571428571428571,1.0
26,logistic_regression,1.0,1.0
26,random_forest,0.0,0.0
26,random_forest,0.0,0.14285714285714285
26,random_forest,0.0,0.7142857142857143
26,random_forest,0.2857142857142857,0.7142857142857143
26,random_forest,0.2857142857142857,0.8571428571428571
26,random_forest,0.42857142857142855,1.0
26,random_forest,1.0,1.0
27,logistic_regression,0.0,0.0
27,logistic_regression,0.0,0.14285714285714285
27,logistic_regression,0.14285714285714285,0.14285714285714285
27,logistic_regression,0.14285714285714285,0.7142857142857143
27,logistic_regression,0.2857142857142857,0.7142857142857143
27,logistic_regression,0.2857142857142857,0.8571428571428571
27,logistic_regression,0.42857142857142855,0.8571428571428571
27,logistic_regression,0.42857142857142855,1.0
27,logistic_regression,1.0,1.0
27,random_forest,0.0,0.0
27,random_forest,0.0,0.14285714285714285
27,random_forest,0.0,0.2857142857142857
27,random_forest,0.14285714285714285,0.2857142857142857
27,random_forest,0.14285714285714285,0.7142857142857143
27,random_forest,0.2857142857142857,0.7142857142857143
27,random_forest,0.42857142857142855,0.8571428571428571
27,random_forest,0.42857142857142855,1.0
27,random_forest,1.0,1.0
28,logistic_regression,0.0,0.0
28,logistic_regression,0.0,0.14285714285714285
28,logistic_regression,0.0,0.2857142857142857
28,logistic_regression,0.14285714285714285,0.2857142857142857
28,logistic_regression,0.14285714285714285,0.5714285714285714
28,logistic_regression,0.2857142857142857,0.5714285714285714
28,logistic_regression,0.2857142857142857,0.7142857142857143
28,logistic_regression,0.5714285714285714,0.7142857142857143
28,logistic_regression,0.5714285714285714,0.8571428571428571
28,logistic_regression,0.8571428571428571,0.8571428571428571
28,logistic_regression,0.8571428571428571,1.0
28,logistic_regression,1.0,1.0
28,random_forest,0.0,0.0
28,random_forest,0.0,0.14285714285714285
28,random_forest,0.0,0.5714285714285714
28,random_forest,0.14285714285714285,0.5714285714285714
28,random_forest,0.14285714285714285,0.7142857142857143
28,random_forest,0.42857142857142855,0.7142857142857143
28,random_forest,0.42857142857142855,0.8571428571428571
28,random_forest,0.7142857142857143,0.8571428571428571
28,random_forest,0.7142857142857143,1.0
28,random_forest,1.0,1.0
29,logistic_regression,0.0,0.0
29,logistic_regression,0.0,0.14285714285714285
29,logistic_regression,0.0,0.5714285714285714
29,logistic_regression,0.2857142857142857,0.5714285714285714
29,logistic_regression,0.2857142857142857,0.8571428571428571
29,logistic_regression,0.8571428571428571,0.8571428571428571
29,logistic_regression,0.8571428571428571,1.0
29,logistic_regression,1.0,1.0
29,random_forest,0.0,0.0
29,random_forest,0.0,0.14285714285714285
29,random_forest,0.0,0.8571428571428571
29,random_forest,0.2857142857142857,0.8571428571428571
29,random_forest,0.2857142857142857,1.0
29,random_forest,1.0,1.0
30,logistic_regression,0.0,0.0
30,logistic_regression,0.0,0.14285714285714285
30,logistic_regression,0.0,0.5714285714285714
30,logistic_regression,0.14285714285714285,0.5714285714285714
30,logistic_regression,0.14285714285714285,0.7142857142857143
30,logistic_regression,0.7142857142857143,0.7142857142857143
30,logistic_regression,0.7142857142857143,0.8571428571428571
30,logistic_regression,0.8571428571428571,0.8571428571428571
30,logistic_regression,0.8571428571428571,1.0
30,logistic_regression,1.0,1.0
30,random_forest,0.0,0.0
30,random_forest,0.0,0.14285714285714285
30,random_forest,0.0,0.7142857142857143
30,random_forest,0.2857142857142857,0.7142857142857143
30,random_forest,0.2857142857142857,0.8571428571428571
30,random_forest,0.5714285714285714,0.8571428571428571
30,random_forest,0.5714285714285714,1.0
30,random_forest,1.0,1.0
31,logistic_regression,0.0,0.0
31,logistic_regression,0.0,0.14285714285714285
31,logistic_regression,0.0,0.2857142857142857
31,logistic_regression,0.14285714285714285,0.2857142857142857
31,logistic_regression,0.14285714285714285,0.42857142857142855
31,logistic_regression,0.2857142857142857,0.42857142857142855
31,logistic_regression,0.2857142857142857,0.5714285714285714
31,logistic_regression,0.42857142857142855,0.5714285714285714
31,logistic_regression,0.42857142857142855,1.0
31,logistic_regression,1.0,1.0
31,random_forest,0.0,0.0
31,random_forest,0.0,0.14285714285714285
31,random_forest,0.0,0.2857142857142857
31,random_forest,0.14285714285714285,0.42857142857142855
31,random_forest,0.14285714285714285,0.7142857142857143
31,random_forest,0.42857142857142855,0.7142857142857143
31,random_forest,0.42857142857142855,1.0
31,random_forest,1.0,1.0
32,logistic_regression,0.0,0.0
32,logistic_regression,0.0,0.14285714285714285
32,logistic_regression,0.0,0.5714285714285714
32,logistic_regression,0.14285714285714285,0.5714285714285714
32,logistic_regression,0.14285714285714285,0.7142857142857143
32,logistic_regression,0.5714285714285714,0.7142857142857143
32,logistic_regression,0.5714285714285714,0.8571428571428571
32,logistic_regression,0.8571428571428571,0.8571428571428571
32,logistic_regression,0.8571428571428571,1.0
32,logistic_regression,1.0,1.0
32,random_forest,0.0,0.0
32,random_forest,0.0,0.14285714285714285
32,random_forest,0.0,0.42857142857142855
32,random_forest,0.14285714285714285,0.42857142857142855
32,random_forest,0.14285714285714285,0.5714285714285714
32,random_forest,0.2857142857142857,0.5714285714285714
32,random_forest,0.2857142857142857,0.8571428571428571
32,random_forest,0.5714285714285714,0.8571428571428571
32,random_forest,0.7142857142857143,1.0
32,random_forest,1.0,1.0
33,logistic_regression,0.0,0.0
33,logistic_regression,0.0,0.14285714285714285
33,logistic_regression,0.0,0.2857142857142857
33,logistic_regression,0.14285714285714285,0.2857142857142857
33,logistic_regression,0.14285714285714285,0.42857142857142855
33,logistic_regression,0.2857142857142857,0.42857142857142855
33,logistic_regression,0.2857142857142857,0.8571428571428571
33,logistic_regression,0.42857142857142855,0.8571428571428571
33,logistic_regression,0.42857142857142855,1.0
33,logistic_regression,1.0,1.0
33,random_forest,0.0,0.0
33,random_forest,0.0,0.14285714285714285
33,random_forest,0.0,0.8571428571428571
33,random_forest,0.14285714285714285,0.8571428571428571
33,random_forest,0.42857142857142855,0.8571428571428571
33,random_forest,0.7142857142857143,0.8571428571428571
33,random_forest,0.7142857142857143,1.0
33,random_forest,1.0,1.0
34,logistic_regression,0.0,0.0
34,logistic_regression,0.0,0.14285714285714285
34,logistic_regression,0.14285714285714285,0.14285714285714285
34,logistic_regression,0.14285714285714285,0.7142857142857143
34,logistic_regression,0.2857142857142857,0.7142857142857143
34,logistic_regression,0.2857142857142857,0.8571428571428571
34,logistic_regression,0.8571428571428571,0.8571428571428571
34,logistic_regression,0.8571428571428571,1.0
34,logistic_regression,1.0,1.0
34,random_forest,0.0,0.0
34,random_forest,0.0,0.14285714285714285
34,random_forest,0.0,0.8571428571428571
34,random_forest,0.2857142857142857,0.8571428571428571
34,random_forest,0.42857142857142855,1.0
34,random_forest,1.0,1.0
35,logistic_regression,0.0,0.0
35,logistic_regression,0.0,0.14285714285714285
35,logistic_regression,0.14285714285714285,0.14285714285714285
35,logistic_regression,0.14285714285714285,0.8571428571428571
35,logistic_regression,0.8571428571428571,0.8571428571428571
35,logistic_regression,0.8571428571428571,1.0
35,logistic_regression,1.0,1.0
35,random_forest,0.0,0.0
35,random_forest,0.0,0.14285714285714285
35,random_forest,0.0,0.2857142857142857
35,random_forest,0.14285714285714285,0.2857142857142857
35,random_forest,0.14285714285714285,0.8571428571428571
35,random_forest,0.8571428571428571,0.8571428571428571
35,random_forest,1.0,1.0
36,logistic_regression,0.0,0.0
36,logistic_regression,0.0,0.14285714285714285
36,logistic_regression,0.14285714285714285,0.14285714285714285
36,logistic_regression,0.14285714285714285,0.8571428571428571
36,logistic_regression,0.8571428571428571,0.8571428571428571
36,logistic_regression,0.8571428571428571,1.0
36,logistic_regression,1.0,1.0
36,random_forest,0.0,0.0
36,random_forest,0.0,0.14285714285714285
36,random_forest,0.0,0.5714285714285714
36,random_forest,0.2857142857142857,0.5714285714285714
36,random_forest,0.2857142857142857,0.7142857142857143
36,random_forest,0.5714285714285714,0.7142857142857143
36,random_forest,0.5714285714285714,0.8571428571428571
36,random_forest,0.8571428571428571,0.8571428571428571
36,random_forest,0.8571428571428571,1.0
36,random_forest,1.0,1.0
37,logistic_regression,0.0,0.0
37,logistic_regression,0.0,0.14285714285714285
37,logistic_regression,0.14285714285714285,0.14285714285714285
37,logistic_regression,0.14285714285714285,0.7142857142857143
37,logistic_regression,0.42857142857142855,0.7142857142857143
37,logistic_regression,0.42857142857142855,0.8571428571428571
37,logistic_regression,0.7142857142857143,0.8571428571428571
37,logistic_regression,0.7142857142857143,1.0
37,logistic_regression,1.0,1.0
37,random_forest,0.0,0.0
37,random_forest,0.0,0.14285714285714285
37,random_forest,0.14285714285714285,0.2857142857142857
37,random_forest,0.14285714285714285,0.8571428571428571
37,random_forest,0.2857142857142857,0.8571428571428571
37,random_forest,0.2857142857142857,1.0
37,random_forest,1.0,1.0
38,logistic_regression,0.0,0.0
38,logistic_regression,0.0,0.14285714285714285
38,logistic_regression,0.0,0.42857142857142855
38,logistic_regression,0.14285714285714285,0.42857142857142855
38,logistic_regression,0.14285714285714285,0.5714285714285714
38,logistic_regression,0.42857142857142855,0.5714285714285714
38,logistic_regression,0.42857142857142855,0.7142857142857143
38,logistic_regression,0.5714285714285714,0.7142857142857143
38,logistic_regression,0.5714285714285714,0.8571428571428571
38,logistic_regression,0.8571428571428571,0.8571428571428571
38,logistic_regression,0.8571428571428571,1.0
38,logistic_regression,1.0,1.0
38,random_forest,0.0,0.0
38,random_forest,0.0,0.14285714285714285
38,random_forest,0.0,0.5714285714285714
38,random_forest,0.14285714285714285,0.5714285714285714
38,random_forest,0.14285714285714285,0.7142857142857143
38,random_forest,0.42857142857142855,0.7142857142857143
38,random_forest,0.42857142857142855,0.8571428571428571
38,random_forest,0.5714285714285714,0.8571428571428571
38,random_forest,0.5714285714285714,1.0
38,random_forest,1.0,1.0
39,logistic_regression,0.0,0.0
39,logistic_regression,0.0,0.14285714285714285
39,logistic_regression,0.0,0.7142857142857143
39,logistic_regression,0.42857142857142855,0.7142857142857143
39,logistic_regression,0.42857142857142855,0.8571428571428571
39,logistic_regression,0.8571428571428571,0.8571428571428571
39,logistic_regression,0.8571428571428571,1.0
39,logistic_regression,1.0,1.0
39,random_forest,0.0,0.0
39,random_forest,0.0,0.14285714285714285
39,random_forest,0.14285714285714285,0.14285714285714285
39,random_forest,0.14285714285714285,0.7142857142857143
39,random_forest,0.42857142857142855,0.7142857142857143
39,random_forest,0.42857142857142855,0.8571428571428571
39,random_forest,0.5714285714285714,0.8571428571428571
39,random_forest,0.7142857142857143,1.0
39,random_forest,1.0,1.0
40,logistic_regression,0.0,0.0
40,logistic_regression,0.0,0.14285714285714285
40,logistic_regression,0.0,0.7142857142857143
40,logistic_regression,0.42857142857142855,0.7142857142857143
40,logistic_regression,0.42857142857142855,0.8571428571428571
40,logistic_regression,0.8571428571428571,0.8571428571428571
40,logistic_regression,0.8571428571428571,1.0
40,logistic_regression,1.0,1.0
40,random_forest,0.0,0.0
40,random_forest,0.0,0.14285714285714285
40,random_forest,0.0,0.42857142857142855
40,random_forest,0.2857142857142857,0.42857142857142855
40,random_forest,0.2857142857142857,0.5714285714285714
40,random_forest,0.42857142857142855,0.5714285714285714
40,random_forest,0.42857142857142855,0.7142857142857143
40,random_forest,0.5714285714285714,0.8571428571428571
40,random_forest,0.7142857142857143,0.8571428571428571
40,random_forest,0.7142857142857143,1.0
40,random_forest,1.0,1.0
41,logistic_regression,0.0,0.0
41,logistic_regression,0.0,0.14285714285714285
41,logistic_regression,0.14285714285714285,0.14285714285714285
41,logistic_regression,0.14285714285714285,0.5714285714285714
41,logistic_regression,0.42857142857142855,0.5714285714285714
41,logistic_regression,0.42857142857142855,0.7142857142857143
41,logistic_regression,0.5714285714285714,0.7142857142857143
41,logistic_regression,0.5714285714285714,0.8571428571428571
41,logistic_regression,0.7142857142857143,0.8571428571428571
41,logistic_regression,0.7142857142857143,1.0
41,logistic_regression,1.0,1.0
41,random_forest,0.0,0.0
41,random_forest,0.0,0.14285714285714285
41,random_forest,0.0,0.8571428571428571
41,random_forest,0.2857142857142857,0.8571428571428571
41,random_forest,0.7142857142857143,0.8571428571428571
41,random_forest,0.7142857142857143,1.0
41,random_forest,1.0,1.0
42,logistic_regression,0.0,0.0
42,logistic_regression,0.0,0.14285714285714285
42,logistic_regression,0.0,0.2857142857142857
42,logistic_regression,0.2857142857142857,0.2857142857142857
42,logistic_regression,0.2857142857142857,0.8571428571428571
42,logistic_regression,0.8571428571428571,0.8571428571428571
42,logistic_regression,0.8571428571428571,1.0
42,logistic_regression,1.0,1.0
42,random_forest,0.0,0.0
42,random_forest,0.0,0.14285714285714285
42,random_forest,0.0,0.8571428571428571
42,random_forest,0.14285714285714285,0.8571428571428571
42,random_forest,0.14285714285714285,1.0
42,random_forest,1.0,1.0
43,logistic_regression,0.0,0.0
43,logistic_regression,0.0,0.14285714285714285
43,logistic_regression,0.0,0.2857142857142857
43,logistic_regression,0.2857142857142857,0.2857142857142857
43,logistic_regression,0.2857142857142857,0.8571428571428571
43,logistic_regression,0.7142857142857143,0.8571428571428571
43,logistic_regression,0.7142857142857143,1.0
43,logistic_regression,1.0,1.0
43,random_forest,0.0,0.0
43,random_forest,0.0,0.14285714285714285
43,random_forest,0.0,0.7142857142857143
43,random_forest,0.14285714285714285,0.7142857142857143
43,random_forest,0.14285714285714285,0.8571428571428571
43,random_forest,0.2857142857142857,0.8571428571428571
43,random_forest,0.2857142857142857,1.0
43,random_forest,1.0,1.0
44,logistic_regression,0.0,0.0
44,logistic_regression,0.0,0.14285714285714285
44,logistic_regression,0.0,0.42857142857142855
44,logistic_regression,0.14285714285714285,0.42857142857142855
44,logistic_regression,0.14285714285714285,0.5714285714285714
44,logistic_regression,0.2857142857142857,0.5714285714285714
44,logistic_regression,0.2857142857142857,0.7142857142857143
44,logistic_regression,0.42857142857142855,0.7142857142857143
44,logistic_regression,0.42857142857142855,0.8571428571428571
44,logistic_regression,0.8571428571428571,0.8571428571428571
44,logistic_regression,0.8571428571428571,1.0
44,logistic_regression,1.0,1.0
44,random_forest,0.0,0.0
44,random_forest,0.0,0.14285714285714285
44,random_forest,0.0,0.5714285714285714
44,random_forest,0.14285714285714285,0.5714285714285714
44,random_forest,0.14285714285714285,0.7142857142857143
44,random_forest,0.2857142857142857,0.7142857142857143
44,random_forest,0.2857142857142857,0.8571428571428571
44,random_forest,0.42857142857142855,0.8571428571428571
44,random_forest,0.42857142857142855,1.0
44,random_forest,0.7142857142857143,1.0
44,random_forest,1.0,1.0
45,logistic_regression,0.0,0.0
45,logistic_regression,0.0,0.14285714285714285
45,logistic_regression,0.0,0.42857142857142855
45,logistic_regression,0.14285714285714285,0.42857142857142855
45,logistic_regression,0.14285714285714285,0.5714285714285714
45,logistic_regression,0.2857142857142857,0.5714285714285714
45,logistic_regression,0.2857142857142857,0.7142857142857143
45,logistic_regression,0.42857142857142855,0.7142857142857143
45,logistic_regression,0.42857142857142855,0.8571428571428571
45,logistic_regression,0.8571428571428571,0.8571428571428571
45,logistic_regression,0.8571428571428571,1.0
45,logistic_regression,1.0,1.0
45,random_forest,0.0,0.0
45,random_forest,0.0,0.14285714285714285
45,random_forest,0.0,0.5714285714285714
45,random_forest,0.14285714285714285,0.5714285714285714
45,random_forest,0.14285714285714285,0.7142857142857143
45,random_forest,0.42857142857142855,1.0
45,random_forest,1.0,1.0
46,logistic_regression,0.0,0.0
46,logistic_regression,0.0,0.14285714285714285
46,logistic_regression,0.14285714285714285,0.14285714285714285
46,logistic_regression,0.14285714285714285,0.5714285714285714
46,logistic_regression,0.2857142857142857,0.5714285714285714
46,logistic_regression,0.2857142857142857,0.8571428571428571
46,logistic_regression,0.7142857142857143,0.8571428571428571
46,logistic_regression,0.7142857142857143,1.0
46,logistic_regression,1.0,1.0
46,random_forest,0.0,0.0
46,random_forest,0.0,0.14285714285714285
46,random_forest,0.0,0.5714285714285714
46,random_forest,0.14285714285714285,0.5714285714285714
46,random_forest,0.14285714285714285,0.8571428571428571
46,random_forest,0.7142857142857143,0.8571428571428571
46,random_forest,0.7142857142857143,1.0
46,random_forest,1.0,1.0
47,logistic_regression,0.0,0.0
47,logistic_regression,0.0,0.14285714285714285
47,logistic_regression,0.0,0.2857142857142857
47,logistic_regression,0.14285714285714285,0.2857142857142857
47,logistic_regression,0.14285714285714285,0.42857142857142855
47,logistic_regression,0.42857142857142855,0.42857142857142855
47,logistic_regression,0.42857142857142855,0.8571428571428571
47,logistic_regression,0.8571428571428571,0.8571428571428571
47,logistic_regression,0.8571428571428571,1.0
47,logistic_regression,1.0,1.0
47,random_forest,0.0,0.0
47,random_forest,0.0,0.14285714285714285
47,random_forest,0.0,0.42857142857142855
47,random_forest,0.14285714285714285,0.42857142857142855
47,random_forest,0.14285714285714285,0.8571428571428571
47,random_forest,0.5714285714285714,0.8571428571428571
47,random_forest,0.5714285714285714,1.0
47,random_forest,1.0,1.0
48,logistic_regression,0.0,0.0
48,logistic_regression,0.0,0.14285714285714285
48,logistic_regression,0.14285714285714285,0.14285714285714285
48,logistic_regression,0.14285714285714285,0.7142857142857143
48,logistic_regression,0.2857142857142857,0.7142857142857143
48,logistic_regression,0.2857142857142857,0.8571428571428571
48,logistic_regression,0.42857142857142855,0.8571428571428571
48,logistic_regression,0.42857142857142855,1.0
48,logistic_regression,1.0,1.0
48,random_forest,0.0,0.0
48,random_forest,0.0,0.14285714285714285
48,random_forest,0.0,1.0
48,random_forest,1.0,1.0
49,logistic_regression,0.0,0.0
49,logistic_regression,0.0,0.14285714285714285
49,logistic_regression,0.0,0.42857142857142855
49,logistic_regression,0.2857142857142857,0.42857142857142855
49,logistic_regression,0.2857142857142857,0.5714285714285714
49,logistic_regression,0.42857142857142855,0.5714285714285714
49,logistic_regression,0.42857142857142855,0.8571428571428571
49,logistic_regression,0.8571428571428571,0.8571428571428571
49,logistic_regression,0.8571428571428571,1.0
49,logistic_regression,1.0,1.0
49,random_forest,0.0,0.0
49,random_forest,0.0,0.14285714285714285
49,random_forest,0.0,0.5714285714285714
49,random_forest,0.2857142857142857,0.5714285714285714
49,random_forest,0.2857142857142857,0.7142857142857143
49,random_forest,0.42857142857142855,0.8571428571428571
49,random_forest,0.7142857142857143,0.8571428571428571
49,random_forest,0.7142857142857143,1.0
49,random_forest,1.0,1.0
50,logistic_regression,0.0,0.0
50,logistic_regression,0.0,0.14285714285714285
50,logistic_regression,0.0,0.7142857142857143
50,logistic_regression,0.7142857142857143,0.7142857142857143
50,logistic_regression,0.7142857142857143,0.8571428571428571
50,logistic_regression,0.8571428571428571,0.8571428571428571
50,logistic_regression,0.8571428571428571,1.0
50,logistic_regression,1.0,1.0
50,random_forest,0.0,0.0
50,random_forest,0.0,0.14285714285714285
50,random_forest,0.0,0.7142857142857143
50,random_forest,0.42857142857142855,0.7142857142857143
50,random_forest,0.7142857142857143,1.0
50,random_forest,1.0,1.0
51,logistic_regression,0.0,0.0
51,logistic_regression,0.0,0.14285714285714285
51,logistic_regression,0.14285714285714285,0.14285714285714285
51,logistic_regression,0.14285714285714285,0.7142857142857143
51,logistic_regression,0.2857142857142857,0.7142857142857143
51,logistic_regression,0.2857142857142857,0.8571428571428571
51,logistic_regression,0.5714285714285714,0.8571428571428571
51,logistic_regression,0.5714285714285714,1.0
51,logistic_regression,1.0,1.0
51,random_forest,0.0,0.0
51,random_forest,0.0,0.14285714285714285
51,random_forest,0.0,0.8571428571428571
51,random_forest,0.5714285714285714,0.8571428571428571
51,random_forest,0.5714285714285714,1.0
51,random_forest,1.0,1.0
52,logistic_regression,0.0,0.0
52,logistic_regression,0.0,0.14285714285714285
52,logistic_regression,0.0,0.2857142857142857
52,logistic_regression,0.14285714285714285,0.2857142857142857
52,logistic_regression,0.14285714285714285,0.8571428571428571
52,logistic_regression,0.8571428571428571,0.8571428571428571
52,logistic_regression,0.8571428571428571,1.0
52,logistic_regression,1.0,1.0
52,random_forest,0.0,0.0
52,random_forest,0.0,0.14285714285714285
52,random_forest,0.0,0.5714285714285714
52,random_forest,0.14285714285714285,0.5714285714285714
52,random_forest,0.14285714285714285,0.7142857142857143
52,random_forest,0.42857142857142855,0.7142857142857143
52,random_forest,0.42857142857142855,1.0
52,random_forest,1.0,1.0
53,logistic_regression,0.0,0.0
53,logistic_regression,0.0,0.14285714285714285
53,logistic_regression,0.0,0.5714285714285714
53,logistic_regression,0.14285714285714285,0.5714285714285714
53,logistic_regression,0.14285714285714285,0.8571428571428571
53,logistic_regression,0.8571428571428571,0.8571428571428571
53,logistic_regression,0.8571428571428571,1.0
53,logistic_regression,1.0,1.0
53,random_forest,0.0,0.0
53,random_forest,0.0,0.2857142857142857
53,random_forest,0.0,0.8571428571428571
53,random_forest,0.2857142857142857,0.8571428571428571
53,random_forest,0.2857142857142857,1.0
53,random_forest,1.0,1.0
54,logistic_regression,0.0,0.0
54,logistic_regression,0.0,0.14285714285714285
54,logistic_regression,0.0,0.5714285714285714
54,logistic_regression,0.2857142857142857,0.5714285714285714
54,logistic_regression,0.2857142857142857,0.7142857142857143
54,logistic_regression,0.42857142857142855,0.7142857142857143
54,logistic_regression,0.42857142857142855,0.8571428571428571
54,logistic_regression,0.8571428571428571,0.8571428571428571
54,logistic_regression,0.8571428571428571,1.0
54,logistic_regression,1.0,1.0
54,random_forest,0.0,0.0
54,random_forest,0.0,0.14285714285714285
54,random_forest,0.0,0.8571428571428571
54,random_forest,0.5714285714285714,0.8571428571428571
54,random_forest,0.7142857142857143,1.0
54,random_forest,1.0,1.0
55,logistic_regression,0.0,0.0
55,logistic_regression,0.0,0.14285714285714285
55,logistic_regression,0.0,0.42857142857142855
55,logistic_regression,0.14285714285714285,0.42857142857142855
55,logistic_regression,0.14285714285714285,0.5714285714285714
55,logistic_regression,0.5714285714285714,0.5714285714285714
55,logistic_regression,0.5714285714285714,0.8571428571428571
55,logistic_regression,0.8571428571428571,0.8571428571428571
55,logistic_regression,0.8571428571428571,1.0
55,logistic_regression,1.0,1.0
55,random_forest,0.0,0.0
55,random_forest,0.0,0.14285714285714285
55,random_forest,0.0,0.42857142857142855
55,random_forest,0.14285714285714285,0.42857142857142855
55,random_forest,0.14285714285714285,0.7142857142857143
55,random_forest,0.2857142857142857,0.7142857142857143
55,random_forest,0.2857142857142857,0.8571428571428571
55,random_forest,0.7142857142857143,0.8571428571428571
55,random_forest,0.7142857142857143,1.0
55,random_forest,1.0,1.0
56,logistic_regression,0.0,0.0
56,logistic_regression,0.0,0.14285714285714285
56,logistic_regression,0.0,0.7142857142857143
56,logistic_regression,0.42857142857142855,0.7142857142857143
56,logistic_regression,0.42857142857142855,0.8571428571428571
56,logistic_regression,0.8571428571428571,0.8571428571428571
56,logistic_regression,0.8571428571428571,1.0
56,logistic_regression,1.0,1.0
56,random_forest,0.0,0.0
56,random_forest,0.0,0.14285714285714285
56,random_forest,0.0,0.42857142857142855
56,random_forest,0.0,0.7142857142857143
56,random_forest,0.7142857142857143,0.7142857142857143
56,random_forest,0.7142857142857143,1.0
56,random_forest,1.0,1.0
57,logistic_regression,0.0,0.0
57,logistic_regression,0.0,0.14285714285714285
57,logistic_regression,0.0,0.7142857142857143
57,logistic_regression,0.2857142857142857,0.7142857142857143
57,logistic_regression,0.2857142857142857,0.8571428571428571
57,logistic_regression,0.7142857142857143,0.8571428571428571
57,logistic_regression,0.7142857142857143,1.0
57,logistic_regression,1.0,1.0
57,random_forest,0.0,0.0
57,random_forest,0.0,0.14285714285714285
57,random_forest,0.0,0.2857142857142857
57,random_forest,0.14285714285714285,0.42857142857142855
57,random_forest,0.14285714285714285,1.0
57,random_forest,1.0,1.0
58,logistic_regression,0.0,0.0
58,logistic_regression,0.0,0.14285714285714285
58,logistic_regression,0.0,0.2857142857142857
58,logistic_regression,0.2857142857142857,0.2857142857142857
58,logistic_regression,0.2857142857142857,0.8571428571428571
58,logistic_regression,0.8571428571428571,0.8571428571428571
58,logistic_regression,0.8571428571428571,1.0
58,logistic_regression,1.0,1.0
58,random_forest,0.0,0.0
58,random_forest,0.0,0.14285714285714285
58,random_forest,0.0,0.2857142857142857
58,random_forest,0.14285714285714285,0.42857142857142855
58,random_forest,0.14285714285714285,0.8571428571428571
58,random_forest,0.5714285714285714,0.8571428571428571
58,random_forest,0.5714285714285714,1.0
58,random_forest,1.0,1.0
59,logistic_regression,0.0,0.0
59,logistic_regression,0.0,0.14285714285714285
59,logistic_regression,0.0,0.2857142857142857
59,logistic_regression,0.14285714285714285,0.2857142857142857
59,logistic_regression,0.14285714285714285,0.8571428571428571
59,logistic_regression,0.7142857142857143,0.8571428571428571
59,logistic_regression,0.7142857142857143,1.0
59,logistic_regression,1.0,1.0
59,random_forest,0.0,0.0
59,random_forest,0.0,0.14285714285714285
59,random_forest,0.0,0.8571428571428571
59,random_forest,0.14285714285714285,0.8571428571428571
59,random_forest,0.14285714285714285,1.0
59,random_forest,1.0,1.0
60,logistic_regression,0.0,0.0
60,logistic_regression,0.0,0.14285714285714285
60,logistic_regression,0.0,0.2857142857142857
60,logistic_regression,0.14285714285714285,0.2857142857142857
60,logistic_regression,0.14285714285714285,0.42857142857142855
60,logistic_regression,0.2857142857142857,0.42857142857142855
60,logistic_regression,0.2857142857142857,0.8571428571428571
60,logistic_regression,0.8571428571428571,0.8571428571428571
60,logistic_regression,0.8571428571428571,1.0
60,logistic_regression,1.0,1.0
60,random_forest,0.0,0.0
60,random_forest,0.0,0.14285714285714285
60,random_forest,0.0,0.7142857142857143
60,random_forest,0.42857142857142855,0.7142857142857143
60,random_forest,0.5714285714285714,0.8571428571428571
60,random_forest,0.7142857142857143,0.8571428571428571
60,random_forest,0.7142857142857143,1.0
60,random_forest,1.0,1.0
61,logistic_regression,0.0,0.0
61,logistic_regression,0.0,0.14285714285714285
61,logistic_regression,0.0,0.2857142857142857
61,logistic_regression,0.2857142857142857,0.2857142857142857
61,logistic_regression,0.2857142857142857,0.8571428571428571
61,logistic_regression,0.8571428571428571,0.8571428571428571
61,logistic_regression,0.8571428571428571,1.0
61,logistic_regression,1.0,1.0
61,random_forest,0.0,0.0
61,random_forest,0.0,0.14285714285714285
61,random_forest,0.0,0.2857142857142857
61,random_forest,0.14285714285714285,0.2857142857142857
61,random_forest,0.14285714285714285,0.42857142857142855
61,random_forest,0.14285714285714285,0.7142857142857143
61,random_forest,0.14285714285714285,1.0
61,random_forest,1.0,1.0
62,logistic_regression,0.0,0.0
62,logistic_regression,0.0,0.14285714285714285
62,logistic_regression,0.0,0.2857142857142857
62,logistic_regression,0.14285714285714285,0.2857142857142857
62,logistic_regression,0.14285714285714285,0.8571428571428571
62,logistic_regression,0.8571428571428571,0.8571428571428571
62,logistic_regression,0.8571428571428571,1.0
62,logistic_regression,1.0,1.0
62,random_forest,0.0,0.0
62,random_forest,0.0,0.14285714285714285
62,random_forest,0.0,0.8571428571428571
62,random_forest,0.2857142857142857,0.8571428571428571
62,random_forest,0.2857142857142857,1.0
62,random_forest,1.0,1.0
63,logistic_regression,0.0,0.0
63,logistic_regression,0.0,0.14285714285714285
63,logistic_regression,0.0,0.42857142857142855
63,logistic_regression,0.2857142857142857,0.42857142857142855
63,logistic_regression,0.2857142857142857,0.5714285714285714
63,logistic_regression,0.42857142857142855,0.5714285714285714
63,logistic_regression,0.42857142857142855,0.8571428571428571
63,logistic_regression,0.8571428571428571,0.8571428571428571
63,logistic_regression,0.8571428571428571,1.0
63,logistic_regression,1.0,1.0
63,random_forest,0.0,0.0
63,random_forest,0.0,0.14285714285714285
63,random_forest,0.0,0.5714285714285714
63,random_forest,0.14285714285714285,0.5714285714285714
63,random_forest,0.14285714285714285,0.7142857142857143
63,random_forest,0.2857142857142857,0.7142857142857143
63,random_forest,0.2857142857142857,0.8571428571428571
63,random_forest,0.42857142857142855,0.8571428571428571
63,random_forest,0.5714285714285714,1.0
63,random_forest,1.0,1.0
64,logistic_regression,0.0,0.0
64,logistic_regression,0.0,0.14285714285714285
64,logistic_regression,0.0,0.2857142857142857
64,logistic_regression,0.14285714285714285,0.2857142857142857
64,logistic_regression,0.14285714285714285,0.42857142857142855
64,logistic_regression,0.2857142857142857,0.42857142857142855
64,logistic_regression,0.2857142857142857,0.7142857142857143
64,logistic_regression,0.42857142857142855,0.7142857142857143
64,logistic_regression,0.42857142857142855,0.8571428571428571
64,logistic_regression,0.8571428571428571,0.8571428571428571
64,logistic_regression,0.8571428571428571,1.0
64,logistic_regression,1.0,1.0
64,random_forest,0.0,0.0
64,random_forest,0.0,0.14285714285714285
64,random_forest,0.0,0.8571428571428571
64,random_forest,0.42857142857142855,0.8571428571428571
64,random_forest,0.42857142857142855,1.0
64,random_forest,1.0,1.0
65,logistic_regression,0.0,0.0
65,logistic_regression,0.0,0.14285714285714285
65,logistic_regression,0.0,0.7142857142857143
65,logistic_regression,0.7142857142857143,0.7142857142857143
65,logistic_regression,0.7142857142857143,0.8571428571428571
65,logistic_regression,0.8571428571428571,0.8571428571428571
65,logistic_regression,0.8571428571428571,1.0
65,logistic_regression,1.0,1.0
65,random_forest,0.0,0.0
65,random_forest,0.0,0.14285714285714285
65,random_forest,0.0,0.7142857142857143
65,random_forest,0.14285714285714285,0.7142857142857143
65,random_forest,0.14285714285714285,0.8571428571428571
65,random_forest,0.2857142857142857,0.8571428571428571
65,random_forest,0.2857142857142857,1.0
65,random_forest,1.0,1.0
66,logistic_regression,0.0,0.0
66,logistic_regression,0.0,0.14285714285714285
66,logistic_regression,0.0,0.42857142857142855
66,logistic_regression,0.2857142857142857,0.42857142857142855
66,logistic_regression,0.2857142857142857,0.7142857142857143
66,logistic_regression,0.42857142857142855,0.7142857142857143
66,logistic_regression,0.42857142857142855,0.8571428571428571
66,logistic_regression,0.8571428571428571,0.8571428571428571
66,logistic_regression,0.8571428571428571,1.0
66,logistic_regression,1.0,1.0
66,random_forest,0.0,0.0
66,random_forest,0.0,0.14285714285714285
66,random_forest,0.0,1.0
66,random_forest,1.0,1.0
67,logistic_regression,0.0,0.0
67,logistic_regression,0.0,0.14285714285714285
67,logistic_regression,0.14285714285714285,0.14285714285714285
67,logistic_regression,0.14285714285714285,0.5714285714285714
67,logistic_regression,0.2857142857142857,0.5714285714285714
67,logistic_regression,0.2857142857142857,0.8571428571428571
67,logistic_regression,0.42857142857142855,0.8571428571428571
67,logistic_regression,0.42857142857142855,1.0
67,logistic_regression,1.0,1.0
67,random_forest,0.0,0.0
67,random_forest,0.0,0.14285714285714285
67,random_forest,0.0,0.2857142857142857
67,random_forest,0.14285714285714285,0.2857142857142857
67,random_forest,0.14285714285714285,0.7142857142857143
67,random_forest,0.2857142857142857,0.7142857142857143
67,random_forest,0.2857142857142857,0.8571428571428571
67,random_forest,0.5714285714285714,0.8571428571428571
67,random_forest,0.7142857142857143,1.0
67,random_forest,1.0,1.0
68,logistic_regression,0.0,0.0
68,logistic_regression,0.0,0.14285714285714285
68,logistic_regression,0.0,0.2857142857142857
68,logistic_regression,0.14285714285714285,0.2857142857142857
68,logistic_regression,0.14285714285714285,0.42857142857142855
68,logistic_regression,0.2857142857142857,0.42857142857142855
68,logistic_regression,0.2857142857142857,0.5714285714285714
68,logistic_regression,0.5714285714285714,0.5714285714285714
68,logistic_regression,0.5714285714285714,1.0
68,logistic_regression,1.0,1.0
68,random_forest,0.0,0.0
68,random_forest,0.0,0.14285714285714285
68,random_forest,0.0,0.7142857142857143
68,random_forest,0.14285714285714285,0.7142857142857143
68,random_forest,0.14285714285714285,1.0
68,random_forest,1.0,1.0
69,logistic_regression,0.0,0.0
69,logistic_regression,0.0,0.14285714285714285
69,logistic_regression,0.0,0.2857142857142857
69,logistic_regression,0.14285714285714285,0.2857142857142857
69,logistic_regression,0.14285714285714285,0.42857142857142855
69,logistic_regression,0.2857142857142857,0.42857142857142855
69,logistic_regression,0.2857142857142857,0.7142857142857143
69,logistic_regression,0.5714285714285714,0.7142857142857143
69,logistic_regression,0.5714285714285714,0.8571428571428571
69,logistic_regression,0.8571428571428571,0.8571428571428571
69,logistic_regression,0.8571428571428571,1.0
69,logistic_regression,1.0,1.0
69,random_forest,0.0,0.0
69,random_forest,0.0,0.14285714285714285
69,random_forest,0.0,0.5714285714285714
69,random_forest,0.14285714285714285,0.5714285714285714
69,random_forest,0.14285714285714285,0.7142857142857143
69,random_forest,0.42857142857142855,0.7142857142857143
69,random_forest,0.42857142857142855,1.0
69,random_forest,1.0,1.0
70,logistic_regression,0.0,0.0
70,logistic_regression,0.0,0.14285714285714285
70,logistic_regression,0.0,0.5714285714285714
70,logistic_regression,0.2857142857142857,0.5714285714285714
70,logistic_regression,0.2857142857142857,1.0
70,logistic_regression,1.0,1.0
70,random_forest,0.0,0.0
70,random_forest,0.0,0.14285714285714285
70,random_forest,0.0,0.8571428571428571
70,random_forest,0.42857142857142855,0.8571428571428571
70,random_forest,0.42857142857142855,1.0
70,random_forest,1.0,1.0
71,logistic_regression,0.0,0.0
71,logistic_regression,0.0,0.14285714285714285
71,logistic_regression,0.0,0.42857142857142855
71,logistic_regression,0.2857142857142857,0.42857142857142855
71,logistic_regression,0.2857142857142857,0.7142857142857143
71,logistic_regression,0.7142857142857143,0.7142857142857143
71,logistic_regression,0.7142857142857143,0.8571428571428571
71,logistic_regression,0.8571428571428571,0.8571428571428571
71,logistic_regression,0.8571428571428571,1.0
71,logistic_regression,1.0,1.0
71,random_forest,0.0,0.0
71,random_forest,0.0,0.14285714285714285
71,random_forest,0.0,0.7142857142857143
71,random_forest,0.2857142857142857,0.7142857142857143
71,random_forest,0.42857142857142855,0.8571428571428571
71,random_forest,0.8571428571428571,0.8571428571428571
71,random_forest,0.8571428571428571,1.0
71,random_forest,1.0,1.0
72,logistic_regression,0.0,0.0
72,logistic_regression,0.0,0.14285714285714285
72,logistic_regression,0.0,0.5714285714285714
72,logistic_regression,0.14285714285714285,0.5714285714285714
72,logistic_regression,0.14285714285714285,0.7142857142857143
72,logistic_regression,0.5714285714285714,0.7142857142857143
72,logistic_regression,0.5714285714285714,0.8571428571428571
72,logistic_regression,0.8571428571428571,0.8571428571428571
72,logistic_regression,0.8571428571428571,1.0
72,logistic_regression,1.0,1.0
72,random_forest,0.0,0.0
72,random_forest,0.0,0.14285714285714285
72,random_forest,0.0,0.5714285714285714
72,random_forest,0.14285714285714285,0.5714285714285714
72,random_forest,0.14285714285714285,0.7142857142857143
72,random_forest,0.2857142857142857,0.7142857142857143
72,random_forest,0.2857142857142857,0.8571428571428571
72,random_forest,0.7142857142857143,0.8571428571428571
72,random_forest,0.7142857142857143,1.0
72,random_forest,1.0,1.0
73,logistic_regression,0.0,0.0
73,logistic_regression,0.0,0.14285714285714285
73,logistic_regression,0.14285714285714285,0.14285714285714285
73,logistic_regression,0.14285714285714285,0.5714285714285714
73,logistic_regression,0.2857142857142857,0.5714285714285714
73,logistic_regression,0.2857142857142857,0.8571428571428571
73,logistic_regression,0.8571428571428571,0.8571428571428571
73,logistic_regression,0.8571428571428571,1.0
73,logistic_regression,1.0,1.0
73,random_forest,0.0,0.0
73,random_forest,0.0,0.14285714285714285
73,random_forest,0.14285714285714285,0.14285714285714285
73,random_forest,0.14285714285714285,0.5714285714285714
73,random_forest,0.2857142857142857,0.5714285714285714
73,random_forest,0.2857142857142857,0.7142857142857143
73,random_forest,0.42857142857142855,0.7142857142857143
73,random_forest,0.42857142857142855,0.8571428571428571
73,random_forest,0.7142857142857143,0.8571428571428571
73,random_forest,0.7142857142857143,1.0
73,random_forest,1.0,1.0
74,logistic_regression,0.0,0.0
74,logistic_regression,0.0,0.14285714285714285
74,logistic_regression,0.0,0.5714285714285714
74,logistic_regression,0.2857142857142857,0.5714285714285714
74,logistic_regression,0.2857142857142857,0.7142857142857143
74,logistic_regression,0.5714285714285714,0.7142857142857143
74,logistic_regression,0.5714285714285714,0.8571428571428571
74,logistic_regression,0.8571428571428571,0.8571428571428571
74,logistic_regression,0.8571428571428571,1.0
74,logistic_regression,1.0,1.0
74,random_forest,0.0,0.0
74,random_forest,0.0,0.14285714285714285
74,random_forest,0.0,0.7142857142857143
74,random_forest,0.14285714285714285,0.7142857142857143
74,random_forest,0.14285714285714285,0.8571428571428571
74,random_forest,0.2857142857142857,1.0
74,random_forest,1.0,1.0
75,logistic_regression,0.0,0.0
75,logistic_regression,0.0,0.14285714285714285
75,logistic_regression,0.0,0.7142857142857143
75,logistic_regression,0.42857142857142855,0.7142857142857143
75,logistic_regression,0.42857142857142855,0.8571428571428571
75,logistic_regression,0.8571428571428571,0.8571428571428571
75,logistic_regression,0.8571428571428571,1.0
75,logistic_regression,1.0,1.0
75,random_forest,0.0,0.0
75,random_forest,0.0,0.14285714285714285
75,random_forest,0.0,0.5714285714285714
75,random_forest,0.14285714285714285,0.7142857142857143
75,random_forest,0.5714285714285714,0.7142857142857143
75,random_forest,0.5714285714285714,1.0
75,random_forest,1.0,1.0
76,logistic_regression,0.0,0.0
76,logistic_regression,0.0,0.14285714285714285
76,logistic_regression,0.14285714285714285,0.14285714285714285
76,logistic_regression,0.14285714285714285,0.8571428571428571
76,logistic_regression,0.42857142857142855,0.8571428571428571
76,logistic_regression,0.42857142857142855,1.0
76,logistic_regression,1.0,1.0
76,random_forest,0.0,0.0
76,random_forest,0.0,0.14285714285714285
76,random_forest,0.0,0.2857142857142857
76,random_forest,0.14285714285714285,0.2857142857142857
76,random_forest,0.14285714285714285,0.8571428571428571
76,random_forest,0.42857142857142855,0.8571428571428571
76,random_forest,0.42857142857142855,1.0
76,random_forest,1.0,1.0
77,logistic_regression,0.0,0.0
77,logistic_regression,0.0,0.14285714285714285
77,logistic_regression,0.0,0.2857142857142857
77,logistic_regression,0.2857142857142857,0.2857142857142857
77,logistic_regression,0.2857142857142857,0.7142857142857143
77,logistic_regression,0.5714285714285714,0.7142857142857143
77,logistic_regression,0.5714285714285714,1.0
77,logistic_regression,1.0,1.0
77,random_forest,0.0,0.0
77,random_forest,0.0,0.14285714285714285
77,random_forest,0.14285714285714285,0.14285714285714285
77,random_forest,0.14285714285714285,1.0
77,random_forest,1.0,1.0
78,logistic_regression,0.0,0.0
78,logistic_regression,0.0,0.14285714285714285
78,logistic_regression,0.14285714285714285,0.14285714285714285
78,logistic_regression,0.14285714285714285,0.42857142857142855
78,logistic_regression,0.2857142857142857,0.42857142857142855
78,logistic_regression,0.2857142857142857,0.5714285714285714
78,logistic_regression,0.42857142857142855,0.5714285714285714
78,logistic_regression,0.42857142857142855,0.8571428571428571
78,logistic_regression,0.8571428571428571,0.8571428571428571
78,logistic_regression,0.8571428571428571,1.0
78,logistic_regression,1.0,1.0
78,random_forest,0.0,0.0
78,random_forest,0.0,0.14285714285714285
78,random_forest,0.0,0.2857142857142857
78,random_forest,0.14285714285714285,0.2857142857142857
78,random_forest,0.14285714285714285,0.7142857142857143
78,random_forest,0.42857142857142855,0.7142857142857143
78,random_forest,0.42857142857142855,1.0
78,random_forest,1.0,1.0
79,logistic_regression,0.0,0.0
79,logistic_regression,0.0,0.14285714285714285
79,logistic_regression,0.0,0.2857142857142857
79,logistic_regression,0.14285714285714285,0.2857142857142857
79,logistic_regression,0.14285714285714285,0.42857142857142855
79,logistic_regression,0.2857142857142857,0.42857142857142855
79,logistic_regression,0.2857142857142857,0.7142857142857143
79,logistic_regression,0.42857142857142855,0.7142857142857143
79,logistic_regression,0.42857142857142855,1.0
79,logistic_regression,1.0,1.0
79,random_forest,0.0,0.0
79,random_forest,0.0,0.14285714285714285
79,random_forest,0.0,0.7142857142857143
79,random_forest,0.2857142857142857,0.7142857142857143
79,random_forest,0.2857142857142857,1.0
79,random_forest,1.0,1.0
80,logistic_regression,0.0,0.0
80,logistic_regression,0.0,0.14285714285714285
80,logistic_regression,0.0,0.42857142857142855
80,logistic_regression,0.14285714285714285,0.42857142857142855
80,logistic_regression,0.14285714285714285,0.8571428571428571
80,logistic_regression,0.8571428571428571,0.8571428571428571
80,logistic_regression,0.8571428571428571,1.0
80,logistic_regression,1.0,1.0
80,random_forest,0.0,0.0
80,random_forest,0.0,0.2857142857142857
80,random_forest,0.0,1.0
80,random_forest,1.0,1.0
81,logistic_regression,0.0,0.0
81,logistic_regression,0.0,0.14285714285714285
81,logistic_regression,0.14285714285714285,0.14285714285714285
81,logistic_regression,0.14285714285714285,0.42857142857142855
81,logistic_regression,0.42857142857142855,0.42857142857142855
81,logistic_regression,0.42857142857142855,0.8571428571428571
81,logistic_regression,0.8571428571428571,0.8571428571428571
81,logistic_regression,0.8571428571428571,1.0
81,logistic_regression,1.0,1.0
81,random_forest,0.0,0.0
81,random_forest,0.0,0.14285714285714285
81,random_forest,0.0,0.42857142857142855
81,random_forest,0.14285714285714285,0.5714285714285714
81,random_forest,0.14285714285714285,0.8571428571428571
81,random_forest,0.42857142857142855,0.8571428571428571
81,random_forest,0.42857142857142855,1.0
81,random_forest,1.0,1.0
82,logistic_regression,0.0,0.0
82,logistic_regression,0.0,0.14285714285714285
82,logistic_regression,0.0,0.5714285714285714
82,logistic_regression,0.5714285714285714,0.5714285714285714
82,logistic_regression,0.5714285714285714,0.8571428571428571
82,logistic_regression,0.8571428571428571,0.8571428571428571
82,logistic_regression,0.8571428571428571,1.0
82,logistic_regression,1.0,1.0
82,random_forest,0.0,0.0
82,random_forest,0.0,0.14285714285714285
82,random_forest,0.0,1.0
82,random_forest,1.0,1.0
83,logistic_regression,0.0,0.0
83,logistic_regression,0.0,0.14285714285714285
83,logistic_regression,0.0,0.2857142857142857
83,logistic_regression,0.2857142857142857,0.2857142857142857
83,logistic_regression,0.2857142857142857,0.8571428571428571
83,logistic_regression,0.8571428571428571,0.8571428571428571
83,logistic_regression,0.8571428571428571,1.0
83,logistic_regression,1.0,1.0
83,random_forest,0.0,0.0
83,random_forest,0.0,0.14285714285714285
83,random_forest,0.14285714285714285,0.14285714285714285
83,random_forest,0.14285714285714285,1.0
83,random_forest,1.0,1.0
84,logistic_regression,0.0,0.0
84,logistic_regression,0.0,0.14285714285714285
84,logistic_regression,0.0,0.42857142857142855
84,logistic_regression,0.14285714285714285,0.42857142857142855
84,logistic_regression,0.14285714285714285,0.7142857142857143
84,logistic_regression,0.5714285714285714,0.7142857142857143
84,logistic_regression,0.5714285714285714,0.8571428571428571
84,logistic_regression,0.8571428571428571,0.8571428571428571
84,logistic_regression,0.8571428571428571,1.0
84,logistic_regression,1.0,1.0
84,random_forest,0.0,0.0
84,random_forest,0.0,0.14285714285714285
84,random_forest,0.14285714285714285,0.14285714285714285
84,random_forest,0.14285714285714285,0.8571428571428571
84,random_forest,0.5714285714285714,0.8571428571428571
84,random_forest,0.7142857142857143,1.0
84,random_forest,1.0,1.0
85,logistic_regression,0.0,0.0
85,logistic_regression,0.0,0.14285714285714285
85,logistic_regression,0.0,0.5714285714285714
85,logistic_regression,0.14285714285714285,0.5714285714285714
85,logistic_regression,0.14285714285714285,0.8571428571428571
85,logistic_regression,0.8571428571428571,0.8571428571428571
85,logistic_regression,0.8571428571428571,1.0
85,logistic_regression,1.0,1.0
85,random_forest,0.0,0.0
85,random_forest,0.0,0.14285714285714285
85,random_forest,0.0,0.8571428571428571
85,random_forest,0.42857142857142855,0.8571428571428571
85,random_forest,0.42857142857142855,1.0
85,random_forest,1.0,1.0
86,logistic_regression,0.0,0.0
86,logistic_regression,0.0,0.14285714285714285
86,logistic_regression,0.0,0.42857142857142855
86,logistic_regression,0.14285714285714285,0.42857142857142855
86,logistic_regression,0.14285714285714285,0.5714285714285714
86,logistic_regression,0.2857142857142857,0.5714285714285714
86,logistic_regression,0.2857142857142857,0.7142857142857143
86,logistic_regression,0.7142857142857143,0.7142857142857143
86,logistic_regression,0.7142857142857143,0.8571428571428571
86,logistic_regression,0.8571428571428571,0.8571428571428571
86,logistic_regression,0.8571428571428571,1.0
86,logistic_regression,1.0,1.0
86,random_forest,0.0,0.0
86,random_forest,0.0,0.14285714285714285
86,random_forest,0.0,0.5714285714285714
86,random_forest,0.2857142857142857,0.5714285714285714
86,random_forest,0.2857142857142857,0.7142857142857143
86,random_forest,0.42857142857142855,0.8571428571428571
86,random_forest,0.5714285714285714,0.8571428571428571
86,random_forest,0.5714285714285714,1.0
86,random_forest,1.0,1.0
87,logistic_regression,0.0,0.0
87,logistic_regression,0.0,0.14285714285714285
87,logistic_regression,0.0,0.2857142857142857
87,logistic_regression,0.14285714285714285,0.2857142857142857
87,logistic_regression,0.14285714285714285,0.42857142857142855
87,logistic_regression,0.2857142857142857,0.42857142857142855
87,logistic_regression,0.2857142857142857,0.5714285714285714
87,logistic_regression,0.42857142857142855,0.5714285714285714
87,logistic_regression,0.42857142857142855,1.0
87,logistic_regression,1.0,1.0
87,random_forest,0.0,0.0
87,random_forest,0.0,0.14285714285714285
87,random_forest,0.0,0.7142857142857143
87,random_forest,0.2857142857142857,0.7142857142857143
87,random_forest,0.2857142857142857,0.8571428571428571
87,random_forest,0.42857142857142855,0.8571428571428571
87,random_forest,0.42857142857142855,1.0
87,random_forest,1.0,1.0
88,logistic_regression,0.0,0.0
88,logistic_regression,0.0,0.14285714285714285
88,logistic_regression,0.0,0.2857142857142857
88,logistic_regression,0.2857142857142857,0.2857142857142857
88,logistic_regression,0.2857142857142857,0.8571428571428571
88,logistic_regression,0.8571428571428571,0.8571428571428571
88,logistic_regression,0.8571428571428571,1.0
88,logistic_regression,1.0,1.0
88,random_forest,0.0,0.0
88,random_forest,0.0,0.14285714285714285
88,random_forest,0.0,0.5714285714285714
88,random_forest,0.14285714285714285,0.5714285714285714
88,random_forest,0.14285714285714285,0.7142857142857143
88,random_forest,0.2857142857142857,0.8571428571428571
88,random_forest,0.2857142857142857,1.0
88,random_forest,1.0,1.0
89,logistic_regression,0.0,0.0
89,logistic_regression,0.0,0.14285714285714285
89,logistic_regression,0.14285714285714285,0.14285714285714285
89,logistic_regression,0.14285714285714285,0.5714285714285714
89,logistic_regression,0.2857142857142857,0.5714285714285714
89,logistic_regression,0.2857142857142857,0.7142857142857143
89,logistic_regression,0.5714285714285714,0.7142857142857143
89,logistic_regression,0.5714285714285714,0.8571428571428571
89,logistic_regression,0.8571428571428571,0.8571428571428571
89,logistic_regression,0.8571428571428571,1.0
89,logistic_regression,1.0,1.0
89,random_forest,0.0,0.0
89,random_forest,0.0,0.14285714285714285
89,random_forest,0.0,0.8571428571428571
89,random_forest,0.2857142857142857,0.8571428571428571
89,random_forest,0.2857142857142857,1.0
89,random_forest,1.0,1.0
90,logistic_regression,0.0,0.0
90,logistic_regression,0.0,0.14285714285714285
90,logistic_regression,0.14285714285714285,0.14285714285714285
90,logistic_regression,0.14285714285714285,0.42857142857142855
90,logistic_regression,0.2857142857142857,0.42857142857142855
90,logistic_regression,0.2857142857142857,0.5714285714285714
90,logistic_regression,0.42857142857142855,0.5714285714285714
90,logistic_regression,0.42857142857142855,0.8571428571428571
90,logistic_regression,0.7142857142857143,0.8571428571428571
90,logistic_regression,0.7142857142857143,1.0
90,logistic_regression,1.0,1.0
90,random_forest,0.0,0.0
90,random_forest,0.0,0.14285714285714285
90,random_forest,0.0,0.5714285714285714
90,random_forest,0.14285714285714285,0.5714285714285714
90,random_forest,0.2857142857142857,0.7142857142857143
90,random_forest,0.5714285714285714,0.7142857142857143
90,random_forest,0.5714285714285714,0.8571428571428571
90,random_forest,0.8571428571428571,0.8571428571428571
90,random_forest,0.8571428571428571,1.0
90,random_forest,1.0,1.0
91,logistic_regression,0.0,0.0
91,logistic_regression,0.0,0.14285714285714285
91,logistic_regression,0.0,0.42857142857142855
91,logistic_regression,0.42857142857142855,0.42857142857142855
91,logistic_regression,0.42857142857142855,1.0
91,logistic_regression,1.0,1.0
91,random_forest,0.0,0.0
91,random_forest,0.0,0.14285714285714285
91,random_forest,0.0,0.2857142857142857
91,random_forest,0.14285714285714285,0.2857142857142857
91,random_forest,0.14285714285714285,0.7142857142857143
91,random_forest,0.5714285714285714,0.7142857142857143
91,random_forest,0.5714285714285714,0.8571428571428571
91,random_forest,0.7142857142857143,0.8571428571428571
91,random_forest,0.7142857142857143,1.0
91,random_forest,1.0,1.0
92,logistic_regression,0.0,0.0
92,logistic_regression,0.0,0.14285714285714285
92,logistic_regression,0.14285714285714285,0.14285714285714285
92,logistic_regression,0.14285714285714285,0.42857142857142855
92,logistic_regression,0.42857142857142855,0.42857142857142855
92,logistic_regression,0.42857142857142855,1.0
92,logistic_regression,1.0,1.0
92,random_forest,0.0,0.0
92,random_forest,0.0,0.14285714285714285
92,random_forest,0.0,0.42857142857142855
92,random_forest,0.14285714285714285,0.42857142857142855
92,random_forest,0.14285714285714285,0.5714285714285714
92,random_forest,0.2857142857142857,0.5714285714285714
92,random_forest,0.2857142857142857,0.8571428571428571
92,random_forest,0.5714285714285714,0.8571428571428571
92,random_forest,0.5714285714285714,1.0
92,random_forest,1.0,1.0
93,logistic_regression,0.0,0.0
93,logistic_regression,0.0,0.14285714285714285
93,logistic_regression,0.14285714285714285,0.14285714285714285
93,logistic_regression,0.14285714285714285,0.8571428571428571
93,logistic_regression,0.8571428571428571,0.8571428571428571
93,logistic_regression,0.8571428571428571,1.0
93,logistic_regression,1.0,1.0
93,random_forest,0.0,0.0
93,random_forest,0.0,0.14285714285714285
93,random_forest,0.14285714285714285,0.14285714285714285
93,random_forest,0.14285714285714285,0.8571428571428571
93,random_forest,0.5714285714285714,0.8571428571428571
93,random_forest,0.5714285714285714,1.0
93,random_forest,1.0,1.0
94,logistic_regression,0.0,0.0
94,logistic_regression,0.0,0.14285714285714285
94,logistic_regression,0.0,0.2857142857142857
94,logistic_regression,0.14285714285714285,0.2857142857142857
94,logistic_regression,0.14285714285714285,0.7142857142857143
94,logistic_regression,0.42857142857142855,0.7142857142857143
94,logistic_regression,0.42857142857142855,0.8571428571428571
94,logistic_regression,0.5714285714285714,0.8571428571428571
94,logistic_regression,0.5714285714285714,1.0
94,logistic_regression,1.0,1.0
94,random_forest,0.0,0.0
94,random_forest,0.0,0.14285714285714285
94,random_forest,0.14285714285714285,0.2857142857142857
94,random_forest,0.14285714285714285,1.0
94,random_forest,1.0,1.0
95,logistic_regression,0.0,0.0
95,logistic_regression,0.0,0.14285714285714285
95,logistic_regression,0.0,0.42857142857142855
95,logistic_regression,0.14285714285714285,0.42857142857142855
95,logistic_regression,0.14285714285714285,0.5714285714285714
95,logistic_regression,0.42857142857142855,0.5714285714285714
95,logistic_regression,0.42857142857142855,0.8571428571428571
95,logistic_regression,0.5714285714285714,0.8571428571428571
95,logistic_regression,0.5714285714285714,1.0
95,logistic_regression,1.0,1.0
95,random_forest,0.0,0.0
95,random_forest,0.0,0.14285714285714285
95,random_forest,0.0,0.7142857142857143
95,random_forest,0.2857142857142857,0.7142857142857143
95,random_forest,0.2857142857142857,1.0
95,random_forest,1.0,1.0
96,logistic_regression,0.0,0.0
96,logistic_regression,0.0,0.14285714285714285
96,logistic_regression,0.0,0.2857142857142857
96,logistic_regression,0.14285714285714285,0.2857142857142857
96,logistic_regression,0.14285714285714285,0.7142857142857143
96,logistic_regression,0.2857142857142857,0.7142857142857143
96,logistic_regression,0.2857142857142857,0.8571428571428571
96,logistic_regression,0.5714285714285714,0.8571428571428571
96,logistic_regression,0.5714285714285714,1.0
96,logistic_regression,1.0,1.0
96,random_forest,0.0,0.0
96,random_forest,0.0,0.14285714285714285
96,random_forest,0.0,0.8571428571428571
96,random_forest,0.14285714285714285,0.8571428571428571
96,random_forest,0.42857142857142855,0.8571428571428571
96,random_forest,0.5714285714285714,0.8571428571428571
96,random_forest,0.5714285714285714,1.0
96,random_forest,1.0,1.0
97,logistic_regression,0.0,0.0
97,logistic_regression,0.0,0.14285714285714285
97,logistic_regression,0.0,0.42857142857142855
97,logistic_regression,0.14285714285714285,0.42857142857142855
97,logistic_regression,0.14285714285714285,1.0
97,logistic_regression,1.0,1.0
97,random_forest,0.0,0.0
97,random_forest,0.0,0.14285714285714285
97,random_forest,0.0,0.5714285714285714
97,random_forest,0.14285714285714285,0.5714285714285714
97,random_forest,0.14285714285714285,0.7142857142857143
97,random_forest,0.42857142857142855,0.7142857142857143
97,random_forest,0.42857142857142855,1.0
97,random_forest,1.0,1.0
98,logistic_regression,0.0,0.0
98,logistic_regression,0.0,0.14285714285714285
98,logistic_regression,0.0,0.2857142857142857
98,logistic_regression,0.14285714285714285,0.2857142857142857
98,logistic_regression,0.14285714285714285,0.7142857142857143
98,logistic_regression,0.42857142857142855,0.7142857142857143
98,logistic_regression,0.42857142857142855,0.8571428571428571
98,logistic_regression,0.8571428571428571,0.8571428571428571
98,logistic_regression,0.8571428571428571,1.0
98,logistic_regression,1.0,1.0
98,random_forest,0.0,0.0
98,random_forest,0.0,0.14285714285714285
98,random_forest,0.0,0.7142857142857143
98,random_forest,0.42857142857142855,0.7142857142857143
98,random_forest,0.42857142857142855,0.8571428571428571
98,random_forest,0.5714285714285714,0.8571428571428571
98,random_forest,0.7142857142857143,1.0
98,random_forest,1.0,1.0
99,logistic_regression,0.0,0.0
99,logistic_regression,0.0,0.14285714285714285
99,logistic_regression,0.0,0.5714285714285714
99,logistic_regression,0.42857142857142855,0.5714285714285714
99,logistic_regression,0.42857142857142855,0.7142857142857143
99,logistic_regression,0.5714285714285714,0.7142857142857143
99,logistic_regression,0.5714285714285714,0.8571428571428571
99,logistic_regression,0.8571428571428571,0.8571428571428571
99,logistic_regression,0.8571428571428571,1.0
99,logistic_regression,1.0,1.0
99,random_forest,0.0,0.0
99,random_forest,0.0,0.14285714285714285
99,random_forest,0.14285714285714285,0.14285714285714285
99,random_forest,0.14285714285714285,1.0
99,random_forest,1.0,1.0
100,logistic_regression,0.0,0.0
100,logistic_regression,0.0,0.14285714285714285
100,logistic_regression,0.0,0.5714285714285714
100,logistic_regression,0.14285714285714285,0.5714285714285714
100,logistic_regression,0.14285714285714285,0.7142857142857143
100,logistic_regression,0.5714285714285714,0.7142857142857143
100,logistic_regression,0.5714285714285714,0.8571428571428571
100,logistic_regression,0.8571428571428571,0.8571428571428571
100,logistic_regression,0.8571428571428571,1.0
100,logistic_regression,1.0,1.0
100,random_forest,0.0,0.0
100,random_forest,0.0,0.14285714285714285
100,random_forest,0.0,0.8571428571428571
100,random_forest,0.2857142857142857,0.8571428571428571
100,random_forest,0.5714285714285714,0.8571428571428571
100,random_forest,0.5714285714285714,1.0
100,random_forest,0.7142857142857143,1.0
100,random_forest,1.0,1.0
